{"centroid":{"type":1,"values":[0.15957802091096437,0.9867934038554963,0.016239698575511826]},"clusterId":0,"clusterIdeamCI":14.259261796042637,"clusterMaxRh":105.5,"clusterMaxTemp":19.6,"clusterMaxTempRange":13.2,"clusterMaxWS":3.91,"clusterMinRh":68.0,"clusterMinTemp":9.6,"clusterMinTempRange":3.5,"clusterMinWS":0.0,"clusterRh":88.76461187214613,"clusterTemp":14.349467275494677,"clusterUTCI":14.191856925418552,"count":29,"strategies":["HEATING INTERNAL GAINS"],"workflowname":"simpleTest2"}
{"centroid":{"type":1,"values":[0.15879166630359817,0.9849040175925202,0.06410365503458892]},"clusterId":1,"clusterIdeamCI":15.886791808873726,"clusterMaxRh":107.2,"clusterMaxTemp":19.2,"clusterMaxTempRange":13.6,"clusterMaxWS":11.54,"clusterMinRh":63.6,"clusterMinTemp":9.8,"clusterMinTempRange":4.3,"clusterMinWS":3.05,"clusterRh":85.15204778156992,"clusterTemp":13.701365187713307,"clusterUTCI":5.129573378839587,"count":14,"strategies":["HEATING INTERNAL GAINS"],"workflowname":"simpleTest2"}
{"centroid":{"type":1,"values":[0.2249025503469632,0.9739913253117805,0.01734024505747638]},"clusterId":2,"clusterIdeamCI":8.974881240911314,"clusterMaxRh":103.6,"clusterMaxTemp":25.1,"clusterMaxTempRange":13.1,"clusterMaxWS":4.43,"clusterMinRh":69.2,"clusterMinTemp":14.0,"clusterMinTempRange":3.0,"clusterMinWS":0.0,"clusterRh":86.99428017450309,"clusterTemp":19.947600581677207,"clusterUTCI":20.345671352399414,"count":44,"strategies":["HEATING INTERNAL GAINS"],"workflowname":"simpleTest2"}
{"centroid":{"type":1,"values":[0.2218123395277056,0.9722341802856599,0.07066875799146995]},"clusterId":3,"clusterIdeamCI":10.01806758183738,"clusterMaxRh":102.0,"clusterMaxTemp":25.5,"clusterMaxTempRange":13.8,"clusterMaxWS":11.41,"clusterMinRh":60.0,"clusterMinTemp":11.6,"clusterMinTempRange":3.8,"clusterMinWS":3.31,"clusterRh":87.16673706441394,"clusterTemp":20.285005279831047,"clusterUTCI":13.93601900739176,"count":6,"strategies":["SOLAR PROTECTION","COOLING NATURAL AND MECHANICAL VENTILATION"],"workflowname":"simpleTest2"}
{"centroid":{"type":1,"values":[0.3022676724316337,0.953071338626368,0.012114136419165124]},"clusterId":4,"clusterIdeamCI":4.323129750271453,"clusterMaxRh":90.1,"clusterMaxTemp":28.5,"clusterMaxTempRange":13.9,"clusterMaxWS":3.34,"clusterMinRh":67.8,"clusterMinTemp":21.1,"clusterMinTempRange":3.5,"clusterMinWS":0.0,"clusterRh":83.31112920738332,"clusterTemp":26.3184853420196,"clusterUTCI":28.505578175895696,"count":34,"strategies":["SOLAR PROTECTION","COOLING NATURAL AND MECHANICAL VENTILATION"],"workflowname":"simpleTest2"}
{"centroid":{"type":1,"values":[0.32297345550929896,0.9456901565053462,0.029768195867860305]},"clusterId":5,"clusterIdeamCI":4.065872809863724,"clusterMaxRh":88.0,"clusterMaxTemp":30.6,"clusterMaxTempRange":14.4,"clusterMaxWS":5.7,"clusterMinRh":62.2,"clusterMinTemp":21.5,"clusterMinTempRange":3.7,"clusterMinWS":0.0,"clusterRh":78.3897469175858,"clusterTemp":27.05295262816348,"clusterUTCI":27.286599610642455,"count":33,"strategies":["SOLAR PROTECTION","COOLING NATURAL AND MECHANICAL VENTILATION"],"workflowname":"simpleTest2"}
{"centroid":{"type":1,"values":[0.277435550922589,0.9605275515667134,0.015061828681445578]},"clusterId":6,"clusterIdeamCI":5.187639664804454,"clusterMaxRh":97.7,"clusterMaxTemp":27.5,"clusterMaxTempRange":13.9,"clusterMaxWS":3.24,"clusterMinRh":69.7,"clusterMinTemp":18.9,"clusterMinTempRange":3.1,"clusterMinWS":0.0,"clusterRh":87.41350093109882,"clusterTemp":25.082378957169517,"clusterUTCI":27.09462988826824,"count":59,"strategies":["SOLAR PROTECTION","COOLING NATURAL AND MECHANICAL VENTILATION"],"workflowname":"simpleTest2"}
{"centroid":{"type":1,"values":[0.2780549813465149,0.9590604862605193,0.05071057138435145]},"clusterId":7,"clusterIdeamCI":5.558518633540356,"clusterMaxRh":97.2,"clusterMaxTemp":28.4,"clusterMaxTempRange":13.3,"clusterMaxWS":8.27,"clusterMinRh":69.4,"clusterMinTemp":18.3,"clusterMinTempRange":3.6,"clusterMinWS":2.57,"clusterRh":86.61267080745334,"clusterTemp":25.24776397515528,"clusterUTCI":23.428223602484422,"count":88,"strategies":["SOLAR PROTECTION","COOLING NATURAL AND MECHANICAL VENTILATION"],"workflowname":"simpleTest2"}
{"centroid":{"type":1,"values":[0.2974852154986989,0.9501117534777558,0.08958643338218679]},"clusterId":8,"clusterIdeamCI":5.179240099009893,"clusterMaxRh":93.5,"clusterMaxTemp":28.8,"clusterMaxTempRange":13.8,"clusterMaxWS":11.85,"clusterMinRh":66.7,"clusterMinTemp":19.8,"clusterMinTempRange":4.1,"clusterMinWS":4.93,"clusterRh":84.03113861386157,"clusterTemp":26.34386138613863,"clusterUTCI":23.03822277227719,"count":53,"strategies":["SOLAR PROTECTION","COOLING NATURAL AND MECHANICAL VENTILATION"],"workflowname":"simpleTest2"}
{"centroid":{"type":1,"values":[0.3634636647277368,0.9272094342353526,0.07933655451425223]},"clusterId":9,"clusterIdeamCI":3.5640602582496403,"clusterMaxRh":82.3,"clusterMaxTemp":31.5,"clusterMaxTempRange":14.6,"clusterMaxWS":11.83,"clusterMinRh":52.9,"clusterMinTemp":24.5,"clusterMinTempRange":5.9,"clusterMinWS":0.11,"clusterRh":71.52065997130552,"clusterTemp":28.37704447632717,"clusterUTCI":26.195380200860757,"count":7,"strategies":["SOLAR PROTECTION","COOLING NATURAL AND MECHANICAL VENTILATION"],"workflowname":"simpleTest2"}
