{"NClusters":2,"costWSSSE":20.797910802724928,"dunn":1.5209764615693966,"selected":false,"silhouette":0.17102311304116072}
{"NClusters":3,"costWSSSE":13.106135048179697,"dunn":1.8959553571420074,"selected":false,"silhouette":0.5985176383495535}
{"NClusters":4,"costWSSSE":11.325550585079613,"dunn":2.251486802327186,"selected":false,"silhouette":0.7335340691651765}
{"NClusters":5,"costWSSSE":9.875524889774235,"dunn":2.1573121332037464,"selected":false,"silhouette":0.7297944043227191}
{"NClusters":6,"costWSSSE":6.674539195561661,"dunn":3.0750452910727675,"selected":false,"silhouette":0.858633927445185}
{"NClusters":7,"costWSSSE":6.150742250103385,"dunn":3.239666107734597,"selected":false,"silhouette":0.8614907538068571}
{"NClusters":8,"costWSSSE":5.833432064391023,"dunn":3.5670374312665643,"selected":false,"silhouette":0.8855181051605443}
{"NClusters":9,"costWSSSE":5.068016766823806,"dunn":3.472718918862269,"selected":false,"silhouette":0.8955824960792046}
{"NClusters":10,"costWSSSE":4.678977273671489,"dunn":3.2782116113313173,"selected":false,"silhouette":0.90441051870094}
{"NClusters":11,"costWSSSE":4.451247406939645,"dunn":3.2572292753834535,"selected":false,"silhouette":0.9008245352999094}
{"NClusters":12,"costWSSSE":3.744636672350783,"dunn":5.013551375957132,"selected":true,"silhouette":0.9284116448524293}
{"NClusters":13,"costWSSSE":3.5775912204215365,"dunn":5.21538988282407,"selected":false,"silhouette":0.9299984691069983}
{"NClusters":14,"costWSSSE":3.443812470905239,"dunn":5.596250778336975,"selected":false,"silhouette":0.9383079612948154}
{"NClusters":15,"costWSSSE":3.388090986114937,"dunn":5.660472184975042,"selected":false,"silhouette":0.9364797941852083}
{"NClusters":16,"costWSSSE":3.3370764095354963,"dunn":5.915876720427309,"selected":false,"silhouette":0.9405960412204275}
{"NClusters":17,"costWSSSE":3.1907494507230996,"dunn":5.893208989723759,"selected":false,"silhouette":0.9408192646207041}
{"NClusters":18,"costWSSSE":3.04879745263112,"dunn":5.784595629227363,"selected":false,"silhouette":0.9422988598526933}
{"NClusters":19,"costWSSSE":2.7157323587207034,"dunn":5.665033397274433,"selected":false,"silhouette":0.9473759013225763}
{"NClusters":20,"costWSSSE":2.5411715436957487,"dunn":5.612665124420199,"selected":false,"silhouette":0.9486322636140376}
{"NClusters":21,"costWSSSE":2.5036164580734472,"dunn":5.602226882603261,"selected":false,"silhouette":0.9470429388930233}
{"NClusters":22,"costWSSSE":2.4255184637299183,"dunn":5.455394411915327,"selected":false,"silhouette":0.9492574039253793}
{"NClusters":23,"costWSSSE":2.295930130877433,"dunn":5.284656489012282,"selected":false,"silhouette":0.9534866279848693}
{"NClusters":24,"costWSSSE":2.2664473180765143,"dunn":5.355350846276686,"selected":false,"silhouette":0.9527611290473106}
{"NClusters":25,"costWSSSE":1.935055342465919,"dunn":6.680863941879825,"selected":false,"silhouette":0.9640756203867631}
{"NClusters":26,"costWSSSE":1.9088585629843766,"dunn":6.828650309462881,"selected":false,"silhouette":0.964718588967069}
{"NClusters":27,"costWSSSE":1.887408164030858,"dunn":7.168571822636516,"selected":false,"silhouette":0.9672285749170416}
{"NClusters":28,"costWSSSE":1.8710038473718316,"dunn":7.306548634674344,"selected":false,"silhouette":0.9678042525027741}
{"NClusters":29,"costWSSSE":1.837216371420672,"dunn":7.364175385085766,"selected":false,"silhouette":0.9678564925618652}
{"NClusters":30,"costWSSSE":1.8168794352737585,"dunn":7.416404563546562,"selected":false,"silhouette":0.9674008518363814}
{"NClusters":31,"costWSSSE":1.7816169812247908,"dunn":7.553439362762668,"selected":false,"silhouette":0.9686031429680041}
{"NClusters":32,"costWSSSE":1.7696616802958596,"dunn":7.800733259330137,"selected":false,"silhouette":0.9698751493430466}
{"NClusters":33,"costWSSSE":1.702695812156174,"dunn":7.76328856587726,"selected":false,"silhouette":0.970443900854213}
{"NClusters":34,"costWSSSE":1.604372159777218,"dunn":7.668057308743744,"selected":false,"silhouette":0.9721814553330534}
{"NClusters":35,"costWSSSE":1.5806126100632745,"dunn":7.667102196183292,"selected":false,"silhouette":0.9719689875750898}
{"NClusters":36,"costWSSSE":1.51896577137301,"dunn":7.582243171880447,"selected":false,"silhouette":0.9728096057811205}
{"NClusters":37,"costWSSSE":1.462257876367895,"dunn":7.52155196930599,"selected":false,"silhouette":0.9734464979822782}
{"NClusters":38,"costWSSSE":1.3844623138531098,"dunn":7.429342901845613,"selected":false,"silhouette":0.9746085814323332}
{"NClusters":39,"costWSSSE":1.3666995440062224,"dunn":7.381725356612481,"selected":false,"silhouette":0.9744049991916811}
{"NClusters":40,"costWSSSE":1.3352044331062556,"dunn":7.363748849176859,"selected":false,"silhouette":0.9744425083757127}
{"NClusters":41,"costWSSSE":1.3072537079257909,"dunn":7.3693145688657244,"selected":false,"silhouette":0.974382559529793}
{"NClusters":42,"costWSSSE":1.2584921681766288,"dunn":7.261681737045297,"selected":false,"silhouette":0.9756094575322516}
{"NClusters":43,"costWSSSE":1.1705927003826289,"dunn":7.129945774654438,"selected":false,"silhouette":0.9779101006303756}
{"NClusters":44,"costWSSSE":1.1550981163825418,"dunn":7.182268484443795,"selected":false,"silhouette":0.977896380844709}
{"NClusters":45,"costWSSSE":1.1575497628295128,"dunn":7.178433008949003,"selected":false,"silhouette":0.9774008144897904}
{"NClusters":46,"costWSSSE":1.1281529646821704,"dunn":7.061366813143121,"selected":false,"silhouette":0.9781981173562322}
{"NClusters":47,"costWSSSE":1.0741559574903057,"dunn":6.9092765141955725,"selected":false,"silhouette":0.9799794400946242}
{"NClusters":48,"costWSSSE":1.058323934543469,"dunn":6.830561881856822,"selected":false,"silhouette":0.9801814848299906}
{"NClusters":49,"costWSSSE":1.0509725412729072,"dunn":6.90239552362443,"selected":false,"silhouette":0.9801936178193316}
{"NClusters":50,"costWSSSE":0.9698889286933923,"dunn":12.89369418350715,"selected":false,"silhouette":0.9830972821720502}
{"NClusters":51,"costWSSSE":0.9679225090051831,"dunn":12.964360120755972,"selected":false,"silhouette":0.983405628398436}
{"NClusters":52,"costWSSSE":0.9583661556982953,"dunn":13.123500423347219,"selected":false,"silhouette":0.9835417258910285}
{"NClusters":53,"costWSSSE":0.943899704424816,"dunn":13.205380738335402,"selected":false,"silhouette":0.9835581270617633}
{"NClusters":54,"costWSSSE":0.9388016803718763,"dunn":13.735648768006294,"selected":false,"silhouette":0.9840663214745646}
{"NClusters":55,"costWSSSE":0.9317923060928561,"dunn":13.7063558859636,"selected":false,"silhouette":0.9846809608932957}
{"NClusters":56,"costWSSSE":0.9428196543440399,"dunn":13.856621010861254,"selected":false,"silhouette":0.984525918641784}
{"NClusters":57,"costWSSSE":0.9143440353938306,"dunn":14.8685576933279,"selected":false,"silhouette":0.9847977146081806}
{"NClusters":58,"costWSSSE":0.9155090660333784,"dunn":14.007830574606787,"selected":false,"silhouette":0.9846139214152859}
{"NClusters":59,"costWSSSE":0.907950345886663,"dunn":14.024812412233445,"selected":false,"silhouette":0.9845966019607941}
