{"centroid":{"type":1,"values":[0.22644489454892758,0.9705109382078423,0.07722440342331476]},"clusterId":0,"strategies":[]}
{"centroid":{"type":1,"values":[0.30502452189469437,0.9520912390646379,0.015947722762071376]},"clusterId":1,"count":95,"strategies":[]}
{"centroid":{"type":1,"values":[0.29066948198632414,0.9524977693890977,0.08869872833630224]},"clusterId":2,"count":2,"strategies":[]}
{"centroid":{"type":1,"values":[0.21916993923302508,0.9752742309728979,0.018839830370118726]},"clusterId":3,"count":39,"strategies":[]}
{"centroid":{"type":1,"values":[0.34098060451805084,0.9387252603212954,0.043149345343371254]},"clusterId":4,"count":83,"strategies":[]}
{"centroid":{"type":1,"values":[0.274280811694715,0.9614190492575857,0.014779280738619028]},"clusterId":5,"count":108,"strategies":[]}
{"centroid":{"type":1,"values":[0.33101546297671347,0.9370910941763185,0.10815112593118541]},"clusterId":6,"count":4,"strategies":[]}
{"centroid":{"type":1,"values":[0.28599102616671745,0.9567650132421873,0.04990236889107393]},"clusterId":7,"count":5,"strategies":[]}
{"centroid":{"type":1,"values":[0.15710303325921268,0.9866774423988252,0.03037871854234201]},"clusterId":8,"count":23,"strategies":[]}
{"centroid":{"type":1,"values":[0.3901443557632657,0.9148998943196454,0.09707808826985884]},"clusterId":9,"count":8,"strategies":[]}
