{"centroid":{"type":1,"values":[0.2866024972102893,0.9568122762480289,0.04621417249719028]},"clusterId":0,"strategies":[]}
{"centroid":{"type":1,"values":[0.15538157560156415,0.9874643290686198,0.017720518320323383]},"clusterId":1,"strategies":[]}
{"centroid":{"type":1,"values":[0.28420376375842255,0.9549081247643465,0.08421033316446103]},"clusterId":2,"strategies":[]}
{"centroid":{"type":1,"values":[0.2338889716230588,0.969171167310076,0.07319000531609149]},"clusterId":3,"strategies":[]}
{"centroid":{"type":1,"values":[0.3528227882878172,0.9292525287748793,0.10712560570674955]},"clusterId":4,"strategies":[]}
{"centroid":{"type":1,"values":[0.31641346642220675,0.9482660397525458,0.02097062541601359]},"clusterId":5,"strategies":[]}
{"centroid":{"type":1,"values":[0.26427700611421867,0.9641494311966784,0.018440390725654256]},"clusterId":6,"strategies":[]}
{"centroid":{"type":1,"values":[0.4021382134033698,0.9093266007947626,0.1014507509669856]},"clusterId":7,"strategies":[]}
{"centroid":{"type":1,"values":[0.32547025661565715,0.9434948944197942,0.05964625630890538]},"clusterId":8,"strategies":[]}
{"centroid":{"type":1,"values":[0.36358764433210616,0.9305981669883924,0.034330846963720865]},"clusterId":9,"strategies":[]}
{"centroid":{"type":1,"values":[0.29139320739345875,0.9564735463534658,0.010974801579249486]},"clusterId":10,"strategies":[]}
{"centroid":{"type":1,"values":[0.214440182393772,0.9763693505679845,0.018317015834345116]},"clusterId":11,"strategies":[]}
{"centroid":{"type":1,"values":[0.16419125239413776,0.9838672672280064,0.06602449586985124]},"clusterId":12,"strategies":[]}
{"centroid":{"type":1,"values":[0.3090109127242579,0.9448521710820119,0.10672061974106405]},"clusterId":13,"strategies":[]}
