{"centroid":{"type":1,"values":[0.35771633091030053,0.9270039970222977,0.10877604009961171]},"clusterId":7,"clusterIdeamCI":3.7927560366361406,"clusterMaxRh":82.0,"clusterMaxTemp":30.5,"clusterMaxTempRange":14.1,"clusterMaxWS":11.83,"clusterMinRh":58.9,"clusterMinTemp":24.7,"clusterMinTempRange":6.0,"clusterMinWS":5.12,"clusterRh":73.42014987510403,"clusterTemp":28.263946711074095,"clusterUTCI":25.541515403830154,"count":1201,"strategies":["SOLAR PROTECTION","COOLING NATURAL AND MECHANICAL VENTILATION"],"workflowname":"simpleTest2"}
{"centroid":{"type":1,"values":[0.208312016466471,0.9747404800869482,0.07460621678444566]},"clusterId":8,"clusterIdeamCI":11.25085005903187,"clusterMaxRh":102.0,"clusterMaxTemp":24.7,"clusterMaxTempRange":13.8,"clusterMaxWS":11.54,"clusterMinRh":60.0,"clusterMinTemp":11.3,"clusterMinTempRange":3.8,"clusterMinWS":3.23,"clusterRh":86.53010625737895,"clusterTemp":18.533412042502963,"clusterUTCI":11.021546635182997,"count":847,"strategies":["HEATING INTERNAL GAINS"],"workflowname":"simpleTest2"}
{"centroid":{"type":1,"values":[0.2877690175988058,0.9574868561104267,0.011881879465528067]},"clusterId":9,"clusterIdeamCI":4.726351371608436,"clusterMaxRh":97.3,"clusterMaxTemp":28.5,"clusterMaxTempRange":13.9,"clusterMaxWS":2.76,"clusterMinRh":69.1,"clusterMinTemp":19.3,"clusterMinTempRange":3.2,"clusterMinWS":0.0,"clusterRh":85.65930145405484,"clusterTemp":25.70277319742172,"clusterUTCI":28.004676959976095,"count":6671,"strategies":["SOLAR PROTECTION","COOLING NATURAL AND MECHANICAL VENTILATION"],"workflowname":"simpleTest2"}
