{"centroid":{"type":1,"values":[0.2261845422012995,0.9736598380976652,0.018254716580996016]},"clusterId":2,"clusterIdeamCI":8.788948728996136,"clusterMaxRh":103.6,"clusterMaxTemp":25.6,"clusterMaxTempRange":13.9,"clusterMaxWS":5.34,"clusterMinRh":69.2,"clusterMinTemp":14.0,"clusterMinTempRange":3.0,"clusterMinWS":0.0,"clusterRh":87.003748384317,"clusterTemp":20.18974579922452,"clusterUTCI":20.54935372684189,"count":2321,"strategies":["SOLAR PROTECTION","COOLING NATURAL AND MECHANICAL VENTILATION"],"workflowname":"simpleTest2"}
{"centroid":{"type":1,"values":[0.27530058193560464,0.9574095737321734,0.08478310160809976]},"clusterId":3,"clusterIdeamCI":6.117870722433454,"clusterMaxRh":98.6,"clusterMaxTemp":27.7,"clusterMaxTempRange":13.8,"clusterMaxWS":11.85,"clusterMinRh":68.8,"clusterMinTemp":18.3,"clusterMinTempRange":4.6,"clusterMinWS":4.82,"clusterRh":86.97967891846233,"clusterTemp":25.010435149978854,"clusterUTCI":21.08261089987325,"count":2367,"strategies":["SOLAR PROTECTION","COOLING NATURAL AND MECHANICAL VENTILATION"],"workflowname":"simpleTest2"}
{"centroid":{"type":1,"values":[0.309341712351372,0.9460236980723139,0.09414977350058548]},"clusterId":4,"clusterIdeamCI":4.794521774521773,"clusterMaxRh":90.4,"clusterMaxTemp":29.0,"clusterMaxTempRange":13.5,"clusterMaxWS":11.8,"clusterMinRh":66.7,"clusterMinTemp":20.8,"clusterMinTempRange":4.1,"clusterMinWS":5.11,"clusterRh":82.32295482295491,"clusterTemp":26.909890109890124,"clusterUTCI":23.946630036629998,"count":2457,"strategies":["SOLAR PROTECTION","COOLING NATURAL AND MECHANICAL VENTILATION"],"workflowname":"simpleTest2"}
