{"centroid":{"type":1,"values":[0.2836567865931036,0.9577484596562573,0.04387070416262677]},"clusterId":5,"clusterIdeamCI":5.322662881859941,"clusterMaxRh":97.3,"clusterMaxTemp":28.4,"clusterMaxTempRange":13.3,"clusterMaxWS":6.27,"clusterMinRh":67.4,"clusterMinTemp":18.3,"clusterMinTempRange":3.1,"clusterMinWS":1.89,"clusterRh":85.99391727493921,"clusterTemp":25.44322789943226,"clusterUTCI":24.45290889429577,"count":3699,"strategies":["SOLAR PROTECTION","COOLING NATURAL AND MECHANICAL VENTILATION"],"workflowname":"simpleTest2"}
{"centroid":{"type":1,"values":[0.39577362944817596,0.9152967938814869,0.06445249017024501]},"clusterId":6,"clusterIdeamCI":3.087597597597594,"clusterMaxRh":78.0,"clusterMaxTemp":31.5,"clusterMaxTempRange":14.6,"clusterMaxWS":9.76,"clusterMinRh":52.9,"clusterMinTemp":25.0,"clusterMinTempRange":6.1,"clusterMinWS":0.11,"clusterRh":66.94864864864861,"clusterTemp":28.80975975975972,"clusterUTCI":27.392462462462465,"count":666,"strategies":["SOLAR PROTECTION","COOLING HIGH THERMAL MASS WITH NIGHT COOLING","COOLING NATURAL AND MECHANICAL VENTILATION"],"workflowname":"simpleTest2"}
