{"centroid":{"type":1,"values":[0.1582610221396681,0.986659435303999,0.026071355117694345]},"clusterId":0,"clusterIdeamCI":14.897555425904327,"clusterMaxRh":107.2,"clusterMaxTemp":19.5,"clusterMaxTempRange":13.2,"clusterMaxWS":10.03,"clusterMinRh":63.6,"clusterMinTemp":9.6,"clusterMinTempRange":3.5,"clusterMinWS":0.0,"clusterRh":88.02747957993004,"clusterTemp":14.088856476079334,"clusterUTCI":12.064673278879798,"count":1714,"strategies":["HEATING INTERNAL GAINS"],"workflowname":"simpleTest2"}
{"centroid":{"type":1,"values":[0.32848222879484373,0.9436403398049013,0.03295096878200942]},"clusterId":1,"clusterIdeamCI":3.9980857988165646,"clusterMaxRh":86.2,"clusterMaxTemp":30.1,"clusterMaxTempRange":14.4,"clusterMaxWS":5.85,"clusterMinRh":62.7,"clusterMinTemp":22.6,"clusterMinTempRange":3.7,"clusterMinWS":0.0,"clusterRh":78.10050295857967,"clusterTemp":27.119526627218875,"clusterUTCI":27.510346153846147,"count":3380,"strategies":["SOLAR PROTECTION","COOLING NATURAL AND MECHANICAL VENTILATION"],"workflowname":"simpleTest2"}
