{"centroid":{"type":1,"values":[0.27775947068447027,0.9597278672621824,0.03885705992594476]},"clusterId":0,"clusterIdeamCI":5.4157839721254435,"clusterRh":25.305226480836264,"clusterTemp":25.305226480836264,"clusterUTCI":24.824686411149823,"count":73,"strategies":[]}
{"centroid":{"type":1,"values":[0.15551249923219237,0.986998338774259,0.027639178705048503]},"clusterId":1,"clusterIdeamCI":14.996769230769221,"clusterRh":14.19969230769231,"clusterTemp":14.19969230769231,"clusterUTCI":11.930215384615387,"count":23,"strategies":[]}
{"centroid":{"type":1,"values":[0.3454059002468165,0.9366153842004434,0.05282722596506322]},"clusterId":2,"clusterIdeamCI":3.7885139318885446,"clusterRh":27.743343653250804,"clusterTemp":27.743343653250804,"clusterUTCI":26.76185758513933,"count":13,"strategies":[]}
{"centroid":{"type":1,"values":[0.2227620911660707,0.9722686717861472,0.06621830557619669]},"clusterId":3,"clusterIdeamCI":9.906067415730334,"clusterRh":20.250561797752805,"clusterTemp":20.250561797752805,"clusterUTCI":14.491629213483142,"count":17,"strategies":[]}
{"centroid":{"type":1,"values":[0.3175848008889778,0.9430268662432267,0.09690272599748448]},"clusterId":4,"clusterIdeamCI":4.5365051903114235,"clusterRh":27.352595155709327,"clusterTemp":27.352595155709327,"clusterUTCI":24.618858131487897,"count":36,"strategies":[]}
{"centroid":{"type":1,"values":[0.22147922816586457,0.9748004844227578,0.015913546245434937]},"clusterId":5,"clusterIdeamCI":8.907005347593593,"clusterRh":20.125133689839583,"clusterTemp":20.125133689839583,"clusterUTCI":20.824679144385016,"count":20,"strategies":[]}
{"centroid":{"type":1,"values":[0.3109082579108545,0.9499837702331173,0.024186092455330377]},"clusterId":6,"clusterIdeamCI":4.280855784469101,"clusterRh":26.609508716323276,"clusterTemp":26.609508716323276,"clusterUTCI":27.81812995245642,"count":6,"strategies":[]}
{"centroid":{"type":1,"values":[0.37878694718113387,0.9197229772906675,0.0987269190113049]},"clusterId":7,"clusterIdeamCI":3.421739130434781,"clusterRh":28.699565217391292,"clusterTemp":28.699565217391292,"clusterUTCI":26.16065217391304,"count":23,"strategies":[]}
{"centroid":{"type":1,"values":[0.2839441306502665,0.9587018310583917,0.009323329522123485]},"clusterId":8,"clusterIdeamCI":4.745772972972969,"clusterRh":25.663243243243237,"clusterTemp":25.663243243243237,"clusterUTCI":28.248010810810815,"count":71,"strategies":[]}
{"centroid":{"type":1,"values":[0.2878465965774156,0.9544677868892436,0.07635122270053471]},"clusterId":9,"clusterIdeamCI":5.421027027027024,"clusterRh":25.862342342342338,"clusterTemp":25.862342342342338,"clusterUTCI":22.8129009009009,"count":85,"strategies":[]}
