{"NClusters":10,"cost":11.635875956515518,"selected":false}
{"NClusters":4,"cost":27.33678994080552,"selected":true}
{"NClusters":2,"cost":60.197189168338724,"selected":false}
{"NClusters":4,"cost":27.336754721112946,"selected":false}
{"NClusters":6,"cost":18.631766566366224,"selected":false}
{"NClusters":8,"cost":14.522244014362368,"selected":false}