{"centroid":{"type":1,"values":[0.28251738804161614,0.9547378454192095,0.09038825841189546]},"clusterId":0,"count":2441,"strategies":[]}
{"centroid":{"type":1,"values":[0.15818579323149862,0.9864238308627323,0.030988865418201988]},"clusterId":1,"count":1478,"strategies":[]}
{"centroid":{"type":1,"values":[0.2671242174513732,0.9634263967939886,0.014654011142408888]},"clusterId":2,"count":2892,"strategies":[]}
{"centroid":{"type":1,"values":[0.31461540797007653,0.9473420647269205,0.056883837597945915]},"clusterId":3,"count":1985,"strategies":[]}
{"centroid":{"type":1,"values":[0.350591270903834,0.9355435908117377,0.03462186832564618]},"clusterId":4,"count":1222,"strategies":[]}
{"centroid":{"type":1,"values":[0.32917140668541417,0.9377187839354005,0.1083416159628058]},"clusterId":5,"count":1343,"strategies":[]}
{"centroid":{"type":1,"values":[0.2166160712763612,0.9752201456552964,0.03357005613825527]},"clusterId":6,"count":1954,"strategies":[]}
{"centroid":{"type":1,"values":[0.38894006079922533,0.9152165616955491,0.09934596421532421]},"clusterId":7,"count":701,"strategies":[]}
{"centroid":{"type":1,"values":[0.27866161494835273,0.959032445724543,0.04826376308145349]},"clusterId":8,"count":2410,"strategies":[]}
{"centroid":{"type":1,"values":[0.3002712838638826,0.9536214581875032,0.014520513413680153]},"clusterId":9,"count":4493,"strategies":[]}
