{"NClusters":10,"costWSSSE":1.8443688900789577,"dunn":4.894444602141104,"selected":true,"silhouette":0.9202226010299669}
