{"centroid":{"type":1,"values":[0.22147922816586457,0.9748004844227578,0.015913546245434937]},"clusterId":5,"clusterIdeamCI":8.907005347593593,"clusterRh":20.125133689839583,"clusterTemp":20.125133689839583,"clusterUTCI":20.824679144385016,"count":43,"strategies":[]}
{"centroid":{"type":1,"values":[0.3109082579108545,0.9499837702331173,0.024186092455330377]},"clusterId":6,"clusterIdeamCI":4.280855784469101,"clusterRh":26.609508716323276,"clusterTemp":26.609508716323276,"clusterUTCI":27.81812995245642,"count":12,"strategies":[]}
