{"NClusters":10,"costWSSSE":9.634723722305926,"dunn":3.5157746158292458,"selected":true,"silhouette":0.9177955569745072}
