{"centroid":{"type":1,"values":[0.27413550361581146,0.9614318860591494,0.015767283244983558]},"clusterId":0,"clusterIdeamCI":5.173189017684396,"clusterUTCI":26.957397058294546,"count":90,"strategies":[]}
{"centroid":{"type":1,"values":[0.3425066201650855,0.9328288170881065,0.10849023537332848]},"clusterId":1,"clusterIdeamCI":3.986872910008119,"clusterUTCI":25.57506218775749,"count":15,"strategies":[]}
{"centroid":{"type":1,"values":[0.1567956584135902,0.9866322169885191,0.03056502920012268]},"clusterId":2,"clusterIdeamCI":17.490173362192788,"clusterUTCI":11.363728253573546,"count":33,"strategies":[]}
{"centroid":{"type":1,"values":[0.29812862397262957,0.9529261555966319,0.05183966521610212]},"clusterId":3,"clusterIdeamCI":4.837535363461421,"clusterUTCI":24.70412976127289,"count":65,"strategies":[]}
{"centroid":{"type":1,"values":[0.2176065351386615,0.9756979745276727,0.014908959652373061]},"clusterId":4,"clusterIdeamCI":9.053119785475754,"clusterUTCI":20.52141142333982,"count":45,"strategies":[]}
{"centroid":{"type":1,"values":[0.3444928621257954,0.9376438803199942,0.039606818776066005]},"clusterId":5,"clusterIdeamCI":3.6861219276829718,"clusterUTCI":27.76278775149006,"count":7,"strategies":[]}
{"centroid":{"type":1,"values":[0.30526758642943996,0.9520623718594989,0.013408292625941244]},"clusterId":6,"clusterIdeamCI":4.206277226707515,"clusterUTCI":29.009157219618864,"count":72,"strategies":[]}
{"centroid":{"type":1,"values":[0.28670827414847405,0.953120032529431,0.09453515598311929]},"clusterId":7,"clusterIdeamCI":5.425717338856569,"clusterUTCI":22.276396026517496,"count":36,"strategies":[]}
{"centroid":{"type":1,"values":[0.24239705308896956,0.9673234546365801,0.06930572499069423]},"clusterId":8,"clusterIdeamCI":7.252562527702969,"clusterUTCI":16.90087764143707,"count":4,"strategies":[]}
{"centroid":{"type":1,"values":[0.41124085348723183,0.9086066218807104,0.06331773042307355]},"clusterId":9,"clusterIdeamCI":2.7881548080733873,"clusterUTCI":27.914441407329623,"strategies":[]}
