{"NClusters":10,"costWSSSE":11.516444312120012,"dunn":4.3408521996528675,"jobname":"simpleTest2","selected":true,"silhouette":0.9204977727768907}
