{"centroid":{"type":1,"values":[0.2890465523169224,0.9560580680283667,0.04609254578985834]},"clusterId":0,"count":26,"strategies":[]}
{"centroid":{"type":1,"values":[0.21603851215626843,0.9759982657236548,0.018291921393527612]},"clusterId":1,"count":29,"strategies":[]}
{"centroid":{"type":1,"values":[0.2997500500654374,0.9538327253395167,0.013133678317585206]},"clusterId":2,"count":102,"strategies":[]}
{"centroid":{"type":1,"values":[0.3985982663847719,0.911920398176154,0.09031190357150955]},"clusterId":3,"count":43,"strategies":[]}
{"centroid":{"type":1,"values":[0.3394791612347322,0.9399341413916897,0.02726872135432985]},"clusterId":4,"count":108,"strategies":[]}
{"centroid":{"type":1,"values":[0.33209162811540494,0.940739493024681,0.06572744267083634]},"clusterId":5,"count":2,"strategies":[]}
{"centroid":{"type":1,"values":[0.22674449440033656,0.9706022019474043,0.07529826904176502]},"clusterId":6,"count":3,"strategies":[]}
{"centroid":{"type":1,"values":[0.3071905435142594,0.9452860759250031,0.10821556381250633]},"clusterId":7,"strategies":[]}
{"centroid":{"type":1,"values":[0.2694030265208958,0.9627649705905529,0.01642290631140303]},"clusterId":8,"count":33,"strategies":[]}
{"centroid":{"type":1,"values":[0.284806135861915,0.9548254914869919,0.08296947592788069]},"clusterId":9,"strategies":[]}
{"centroid":{"type":1,"values":[0.3519194898715676,0.9287332023386221,0.11462778936643392]},"clusterId":10,"strategies":[]}
{"centroid":{"type":1,"values":[0.1563957836825603,0.9867722895716492,0.030944976183534378]},"clusterId":11,"count":21,"strategies":[]}
