{"NClusters":2,"cost":48.93901043261372,"selected":false}
{"NClusters":4,"cost":22.366478423752554,"selected":false}
{"NClusters":6,"cost":16.568959562820634,"selected":false}
{"NClusters":8,"cost":11.789833291341257,"selected":false}
{"NClusters":10,"cost":9.367455010690353,"selected":false}
{"NClusters":12,"cost":7.943506377363619,"selected":false}
{"NClusters":14,"cost":7.01681796371953,"selected":false}
{"NClusters":16,"cost":6.2681121859973485,"selected":false}
{"NClusters":18,"cost":5.445744018996127,"selected":false}
{"NClusters":20,"cost":4.858714072117888,"selected":false}
{"NClusters":22,"cost":4.467676615488231,"selected":false}
{"NClusters":24,"cost":4.175930745945131,"selected":false}
{"NClusters":26,"cost":3.855376300642228,"selected":false}
{"NClusters":28,"cost":3.543653320401208,"selected":false}
{"NClusters":30,"cost":3.3799890350557,"selected":false}
{"NClusters":32,"cost":3.097714006977867,"selected":false}
{"NClusters":34,"cost":2.969890314775844,"selected":false}
{"NClusters":36,"cost":2.78412512271114,"selected":false}
{"NClusters":38,"cost":2.584121503485793,"selected":false}
{"NClusters":40,"cost":2.55625628090496,"selected":false}
{"NClusters":42,"cost":2.3494514849254395,"selected":false}
{"NClusters":44,"cost":2.264499711427335,"selected":false}
{"NClusters":46,"cost":2.1480291687741104,"selected":false}
{"NClusters":48,"cost":2.0768366944189625,"selected":false}
{"NClusters":50,"cost":1.9837306606766882,"selected":false}
{"NClusters":52,"cost":1.951804342385736,"selected":false}
{"NClusters":54,"cost":1.8345447272778033,"selected":false}
{"NClusters":56,"cost":1.7870134645763571,"selected":false}
{"NClusters":58,"cost":1.7376454040396407,"selected":false}
{"NClusters":60,"cost":1.697374778607056,"selected":false}
{"NClusters":62,"cost":1.6320604644707215,"selected":false}
{"NClusters":64,"cost":1.556208493266733,"selected":false}
{"NClusters":66,"cost":1.491852480804617,"selected":false}
{"NClusters":68,"cost":1.463314821646977,"selected":false}
{"NClusters":70,"cost":1.41354236809366,"selected":false}
{"NClusters":72,"cost":1.396184307375154,"selected":false}
{"NClusters":74,"cost":1.3514947595007305,"selected":false}
{"NClusters":76,"cost":1.3151868419801207,"selected":false}
{"NClusters":78,"cost":1.2692191255965999,"selected":false}
{"NClusters":80,"cost":1.232113017798517,"selected":false}
{"NClusters":82,"cost":1.2198382178233553,"selected":false}
{"NClusters":84,"cost":1.1874088028197323,"selected":false}
{"NClusters":86,"cost":1.1553944910505676,"selected":false}
{"NClusters":88,"cost":1.1320986896493936,"selected":false}
{"NClusters":90,"cost":1.1255521970031865,"selected":false}
{"NClusters":92,"cost":1.0673010614187592,"selected":false}
{"NClusters":94,"cost":1.0506500787912527,"selected":false}
{"NClusters":96,"cost":1.0385025015334066,"selected":false}
{"NClusters":98,"cost":1.0201715092015535,"selected":false}
{"NClusters":100,"cost":0.9970073319239209,"selected":false}
{"NClusters":12,"cost":8.218004425077126,"selected":true}
