{"NClusters":10,"costWSSSE":13.272212138469015,"dunn":2.864844675154883,"jobname":"simpleTest2","selected":true,"silhouette":0.9003961182997747}
{"NClusters":10,"costWSSSE":13.272212138469015,"dunn":2.864844675154883,"jobname":"simpleTest2","selected":true,"silhouette":0.9003961182997747}
{"NClusters":10,"costWSSSE":13.272212138469015,"dunn":2.864844675154883,"jobname":"simpleTest2","selected":true,"silhouette":0.9003961182997747}
{"NClusters":10,"costWSSSE":13.272212138469015,"dunn":2.864844675154883,"jobname":"simpleTest2","selected":true,"silhouette":0.9003961182997747}
{"NClusters":10,"costWSSSE":13.272212138469015,"dunn":2.864844675154883,"jobname":"simpleTest2","selected":true,"silhouette":0.9003961182997747}
{"NClusters":10,"costWSSSE":13.272212138469015,"dunn":2.864844675154883,"jobname":"simpleTest2","selected":true,"silhouette":0.9003961182997747}
{"NClusters":10,"costWSSSE":13.272212138469015,"dunn":2.864844675154883,"jobname":"simpleTest2","selected":true,"silhouette":0.9003961182997747}
{"NClusters":10,"costWSSSE":13.272212138469015,"dunn":2.864844675154883,"jobname":"simpleTest2","selected":true,"silhouette":0.9003961182997747}
{"NClusters":10,"costWSSSE":13.272212138469015,"dunn":2.864844675154883,"jobname":"simpleTest2","selected":true,"silhouette":0.9003961182997747}
{"NClusters":10,"costWSSSE":13.272212138469015,"dunn":2.864844675154883,"jobname":"simpleTest2","selected":true,"silhouette":0.9003961182997747}
{"NClusters":10,"costWSSSE":13.272212138469015,"dunn":2.864844675154883,"jobname":"simpleTest2","selected":true,"silhouette":0.9003961182997747}
{"NClusters":10,"costWSSSE":13.272212138469015,"dunn":2.864844675154883,"jobname":"simpleTest2","selected":true,"silhouette":0.9003961182997747}
{"NClusters":10,"costWSSSE":13.272212138469015,"dunn":2.864844675154883,"jobname":"simpleTest2","selected":true,"silhouette":0.9003961182997747}
{"NClusters":10,"costWSSSE":13.272212138469015,"dunn":2.864844675154883,"jobname":"simpleTest2","selected":true,"silhouette":0.9003961182997747}
{"NClusters":10,"costWSSSE":13.272212138469015,"dunn":2.864844675154883,"jobname":"simpleTest2","selected":true,"silhouette":0.9003961182997747}
{"NClusters":10,"costWSSSE":13.272212138469015,"dunn":2.864844675154883,"jobname":"simpleTest2","selected":true,"silhouette":0.9003961182997747}