{"NClusters":10,"costWSSSE":2.0689885377601267,"dunn":5.780154316923148,"selected":true,"silhouette":0.9234942547703525}
