{"centroid":{"type":1,"values":[0.2744387111303393,0.9614013962446506,0.013299684448227081]},"clusterId":0,"clusterIdeamCI":5.273128440366965,"clusterMaxRh":98.0,"clusterMaxTemp":27.4,"clusterMaxTempRange":13.9,"clusterMaxWS":3.2,"clusterMinRh":69.7,"clusterMinTemp":18.7,"clusterMinTempRange":3.1,"clusterMinWS":0.0,"clusterRh":87.3664678899084,"clusterTemp":24.92483944954133,"clusterUTCI":27.01394036697256,"count":41,"strategies":["SOLAR PROTECTION","COOLING NATURAL AND MECHANICAL VENTILATION"],"workflowname":"simpleTest2"}
{"centroid":{"type":1,"values":[0.15770930545322526,0.9864516300121714,0.03194231752489195]},"clusterId":1,"clusterIdeamCI":14.995052983825994,"clusterMaxRh":107.2,"clusterMaxTemp":19.2,"clusterMaxTempRange":13.2,"clusterMaxWS":11.54,"clusterMinRh":60.0,"clusterMinTemp":9.6,"clusterMinTempRange":3.5,"clusterMinWS":0.0,"clusterRh":87.58399330730626,"clusterTemp":13.968934746235352,"clusterUTCI":11.015303959843845,"count":23,"strategies":["HEATING INTERNAL GAINS"],"workflowname":"simpleTest2"}
{"centroid":{"type":1,"values":[0.27887869251786895,0.9557942548197117,0.09028283401851342]},"clusterId":2,"clusterIdeamCI":6.068764870538836,"clusterMaxRh":99.0,"clusterMaxTemp":28.2,"clusterMaxTempRange":13.8,"clusterMaxWS":11.85,"clusterMinRh":62.8,"clusterMinTemp":12.6,"clusterMinTempRange":4.1,"clusterMinWS":5.48,"clusterRh":86.25055983205054,"clusterTemp":25.154863540937694,"clusterUTCI":21.095328901329566,"count":109,"strategies":["SOLAR PROTECTION","COOLING NATURAL AND MECHANICAL VENTILATION"],"workflowname":"simpleTest2"}
{"centroid":{"type":1,"values":[0.3907297283486201,0.9146032605154398,0.09732796121849588]},"clusterId":3,"clusterIdeamCI":3.297024504084008,"clusterMaxRh":75.7,"clusterMaxTemp":31.5,"clusterMaxTempRange":14.6,"clusterMaxWS":11.48,"clusterMinRh":52.9,"clusterMinTemp":26.0,"clusterMinTempRange":7.4,"clusterMinWS":1.81,"clusterRh":67.61073512252042,"clusterTemp":28.785647607934596,"clusterUTCI":26.226196032672096,"count":3,"strategies":["SOLAR PROTECTION","COOLING HIGH THERMAL MASS WITH NIGHT COOLING","COOLING NATURAL AND MECHANICAL VENTILATION"],"workflowname":"simpleTest2"}
{"centroid":{"type":1,"values":[0.21841417146264383,0.9750232000446954,0.028585385699982518]},"clusterId":4,"clusterIdeamCI":9.574528076463578,"clusterMaxRh":103.6,"clusterMaxTemp":24.9,"clusterMaxTempRange":13.8,"clusterMaxWS":10.26,"clusterMinRh":62.5,"clusterMinTemp":12.4,"clusterMinTempRange":3.0,"clusterMinWS":0.0,"clusterRh":87.26989247311823,"clusterTemp":19.52660294703311,"clusterUTCI":18.35978494623657,"count":26,"strategies":["HEATING INTERNAL GAINS"],"workflowname":"simpleTest2"}
{"centroid":{"type":1,"values":[0.32687900809238457,0.9386160563900987,0.10745497559471953]},"clusterId":5,"clusterIdeamCI":4.391759631972392,"clusterMaxRh":88.3,"clusterMaxTemp":29.3,"clusterMaxTempRange":14.1,"clusterMaxWS":11.83,"clusterMinRh":66.5,"clusterMinTemp":21.5,"clusterMinTempRange":4.2,"clusterMinWS":5.82,"clusterRh":79.45807935595168,"clusterTemp":27.607360552041435,"clusterUTCI":24.752777458309374,"count":48,"strategies":["SOLAR PROTECTION","COOLING NATURAL AND MECHANICAL VENTILATION"],"workflowname":"simpleTest2"}
{"centroid":{"type":1,"values":[0.30490942914190833,0.9521313474611461,0.015824882480531925]},"clusterId":6,"clusterIdeamCI":4.30268558020477,"clusterMaxRh":90.7,"clusterMaxTemp":29.2,"clusterMaxTempRange":13.9,"clusterMaxWS":3.46,"clusterMinRh":67.4,"clusterMinTemp":21.1,"clusterMinTempRange":3.5,"clusterMinWS":0.0,"clusterRh":82.53941979522178,"clusterTemp":26.40204778157002,"clusterUTCI":28.321823805460756,"count":19,"strategies":["SOLAR PROTECTION","COOLING NATURAL AND MECHANICAL VENTILATION"],"workflowname":"simpleTest2"}
{"centroid":{"type":1,"values":[0.35347748992246125,0.9344080103087485,0.03582791955312605]},"clusterId":7,"clusterIdeamCI":3.559025974025978,"clusterMaxRh":82.4,"clusterMaxTemp":31.1,"clusterMaxTempRange":14.4,"clusterMaxWS":6.18,"clusterMinRh":59.8,"clusterMinTemp":24.4,"clusterMinTempRange":5.4,"clusterMinWS":0.0,"clusterRh":73.61717171717181,"clusterTemp":27.793290043289986,"clusterUTCI":27.950346320346352,"count":8,"strategies":["SOLAR PROTECTION","COOLING NATURAL AND MECHANICAL VENTILATION"],"workflowname":"simpleTest2"}
{"centroid":{"type":1,"values":[0.277034758707625,0.9594836393607543,0.048477729004889794]},"clusterId":8,"clusterIdeamCI":5.647420405209848,"clusterMaxRh":98.9,"clusterMaxTemp":28.1,"clusterMaxTempRange":13.3,"clusterMaxWS":6.85,"clusterMinRh":69.4,"clusterMinTemp":18.3,"clusterMinTempRange":3.6,"clusterMinWS":2.38,"clusterRh":86.90054269175114,"clusterTemp":25.07778581765556,"clusterUTCI":23.498049927641034,"count":75,"strategies":["SOLAR PROTECTION","COOLING NATURAL AND MECHANICAL VENTILATION"],"workflowname":"simpleTest2"}
{"centroid":{"type":1,"values":[0.3141076657750873,0.9474660302727225,0.0575627063887956]},"clusterId":9,"clusterIdeamCI":4.49004224757076,"clusterMaxRh":89.1,"clusterMaxTemp":29.2,"clusterMaxTempRange":13.3,"clusterMaxWS":7.66,"clusterMinRh":68.2,"clusterMinTemp":21.7,"clusterMinTempRange":4.8,"clusterMinWS":2.59,"clusterRh":80.96239966201931,"clusterTemp":26.813476975073925,"clusterUTCI":25.22951415293618,"count":15,"strategies":["SOLAR PROTECTION","COOLING NATURAL AND MECHANICAL VENTILATION"],"workflowname":"simpleTest2"}
