{"NClusters":2,"cost":48.93901781812011,"selected":false}
{"NClusters":4,"cost":22.366567445181115,"selected":false}
{"NClusters":6,"cost":15.133708085683102,"selected":false}
{"NClusters":8,"cost":12.274550808789087,"selected":false}
{"NClusters":10,"cost":9.359123389969575,"selected":false}
{"NClusters":12,"cost":8.024095833042331,"selected":false}
{"NClusters":14,"cost":6.829009202779114,"selected":false}
{"NClusters":16,"cost":6.017477474310951,"selected":false}
{"NClusters":18,"cost":5.371352991612917,"selected":false}
{"NClusters":20,"cost":4.938981097799752,"selected":false}
{"NClusters":22,"cost":4.513209185688242,"selected":false}
{"NClusters":24,"cost":4.191939759992529,"selected":false}
{"NClusters":26,"cost":3.8222134838324124,"selected":false}
{"NClusters":28,"cost":3.5409780311350456,"selected":false}
{"NClusters":30,"cost":3.310018131881044,"selected":false}
{"NClusters":32,"cost":3.095561746757112,"selected":false}
{"NClusters":34,"cost":2.894494376336134,"selected":false}
{"NClusters":36,"cost":2.8093088886845083,"selected":false}
{"NClusters":38,"cost":2.661963539513968,"selected":false}
{"NClusters":40,"cost":2.517503050203469,"selected":false}
{"NClusters":42,"cost":2.412035366896181,"selected":false}
{"NClusters":44,"cost":2.2504626770564724,"selected":false}
{"NClusters":46,"cost":2.1478156501099837,"selected":false}
{"NClusters":48,"cost":2.096231344362418,"selected":false}
{"NClusters":50,"cost":1.9905568738755475,"selected":false}
{"NClusters":52,"cost":1.9278702323298458,"selected":false}
{"NClusters":54,"cost":1.8802626830476237,"selected":false}
{"NClusters":56,"cost":1.7719647112591803,"selected":false}
{"NClusters":58,"cost":1.7051098913721552,"selected":false}
{"NClusters":60,"cost":1.6840884237627427,"selected":false}
{"NClusters":62,"cost":1.602856802952906,"selected":false}
{"NClusters":64,"cost":1.5448084134567441,"selected":false}
{"NClusters":66,"cost":1.5146657310756004,"selected":false}
{"NClusters":68,"cost":1.4783716636067952,"selected":false}
{"NClusters":70,"cost":1.4288539277667656,"selected":false}
{"NClusters":72,"cost":1.3962369749435215,"selected":false}
{"NClusters":74,"cost":1.3557627455690113,"selected":false}
{"NClusters":76,"cost":1.3135704633103584,"selected":false}
{"NClusters":78,"cost":1.303570026511305,"selected":false}
{"NClusters":80,"cost":1.2716372213455929,"selected":false}
{"NClusters":82,"cost":1.2036511645374424,"selected":false}
{"NClusters":84,"cost":1.1721939927868286,"selected":false}
{"NClusters":86,"cost":1.1517912860552886,"selected":false}
{"NClusters":88,"cost":1.1538633093244728,"selected":false}
{"NClusters":90,"cost":1.1044323197256218,"selected":false}
{"NClusters":92,"cost":1.0606402475978916,"selected":false}
{"NClusters":94,"cost":1.0757482512475103,"selected":false}
{"NClusters":96,"cost":1.0311796713370511,"selected":false}
{"NClusters":98,"cost":1.0173962805226864,"selected":false}
{"NClusters":100,"cost":0.9930953164031241,"selected":false}
{"NClusters":14,"cost":6.8151733741618195,"selected":true}
