{"NClusters":10,"costWSSSE":12.223564043740257,"dunn":4.198404327962159,"jobname":"simpleTest2","selected":true,"silhouette":0.921301665520373}
