{"centroid":{"type":1,"values":[0.27775947068447027,0.9597278672621824,0.03885705992594476]},"clusterId":0,"clusterIdeamCI":5.4157839721254435,"clusterRh":25.305226480836264,"clusterTemp":25.305226480836264,"clusterUTCI":24.824686411149823,"count":18,"strategies":[]}
{"centroid":{"type":1,"values":[0.15551249923219237,0.986998338774259,0.027639178705048503]},"clusterId":1,"clusterIdeamCI":14.996769230769221,"clusterRh":14.19969230769231,"clusterTemp":14.19969230769231,"clusterUTCI":11.930215384615387,"count":26,"strategies":[]}
