{"centroid":{"type":1,"values":[0.15847002983352074,0.9870174976823932,0.01325301734390437]},"clusterId":0,"clusterIdeamCI":13.979556541019956,"clusterRh":91.1988913525499,"clusterTemp":14.617738359201788,"clusterUTCI":15.035365853658542,"count":8,"strategies":[]}
{"centroid":{"type":1,"values":[0.15838918156032197,0.985203062110028,0.06043141581906091]},"clusterId":1,"clusterIdeamCI":15.903846153846153,"clusterRh":87.44038461538466,"clusterTemp":14.030769230769229,"clusterUTCI":5.925673076923071,"count":15,"strategies":[]}
{"centroid":{"type":1,"values":[0.22482528932645002,0.9740836557191436,0.013707928234578688]},"clusterId":2,"clusterIdeamCI":8.562057553956835,"clusterRh":88.21798561151081,"clusterTemp":20.344748201438865,"clusterUTCI":21.350604316546818,"count":18,"strategies":[]}
{"centroid":{"type":1,"values":[0.2226609449872697,0.9725467851622245,0.06346052718667763]},"clusterId":3,"clusterIdeamCI":9.929207920792077,"clusterRh":88.5019801980198,"clusterTemp":20.25511551155116,"clusterUTCI":14.833795379537952,"count":17,"strategies":[]}
{"centroid":{"type":1,"values":[0.2828957883378991,0.9589859855955255,0.01158118327466254]},"clusterId":4,"clusterIdeamCI":4.814730769230772,"clusterRh":86.80681318681299,"clusterTemp":25.597032967033,"clusterUTCI":27.984027472527465,"count":76,"strategies":[]}
{"centroid":{"type":1,"values":[0.3118480124790158,0.9497629659782748,0.019700400780207745]},"clusterId":5,"clusterIdeamCI":4.140074294205059,"clusterRh":81.79108469539362,"clusterTemp":26.82726597325407,"clusterUTCI":28.49286032689447,"count":4,"strategies":[]}
{"centroid":{"type":1,"values":[0.2698773555310918,0.9621292949825615,0.03586653090103905]},"clusterId":6,"clusterIdeamCI":5.718796992481208,"clusterRh":88.67875939849621,"clusterTemp":24.86296992481205,"clusterUTCI":24.581259398496222,"count":47,"strategies":[]}
{"centroid":{"type":1,"values":[0.2813703655646972,0.957529540272463,0.05986750210419277]},"clusterId":7,"clusterIdeamCI":5.644986772486772,"clusterRh":86.50436507936514,"clusterTemp":25.40052910052909,"clusterUTCI":22.99617724867726,"count":42,"strategies":[]}
{"centroid":{"type":1,"values":[0.29519526552373954,0.9516038080361205,0.08217747492902162]},"clusterId":8,"clusterIdeamCI":5.164187558031567,"clusterRh":84.80417827298041,"clusterTemp":26.261931290622112,"clusterUTCI":23.24109563602597,"count":84,"strategies":[]}
{"centroid":{"type":1,"values":[0.31899650734672835,0.9416004182354087,0.10570331315977168]},"clusterId":9,"clusterIdeamCI":4.58675496688742,"clusterRh":80.99006622516552,"clusterTemp":27.412803532008844,"clusterUTCI":24.54293598233994,"count":33,"strategies":[]}
{"centroid":{"type":1,"values":[0.3577772748588619,0.9319182079241032,0.052775394757099095]},"clusterId":10,"clusterIdeamCI":3.516289592760179,"clusterRh":73.59570135746608,"clusterTemp":28.204072398190032,"clusterUTCI":27.3920588235294,"count":7,"strategies":[]}
{"centroid":{"type":1,"values":[0.39433733220867806,0.9129410570757615,0.09608439814252724]},"clusterId":11,"clusterIdeamCI":3.0855027932960883,"clusterRh":68.3256983240223,"clusterTemp":29.350837988826846,"clusterUTCI":27.26673184357544,"count":16,"strategies":[]}
