{"centroid":{"type":1,"values":[0.27588961641314536,0.9609167065923746,0.01670186250214331]},"clusterId":0,"count":367,"strategies":[]}
{"centroid":{"type":1,"values":[0.15726531122056936,0.9867712514997531,0.027749953310907315]},"clusterId":1,"strategies":[]}
{"centroid":{"type":1,"values":[0.34870148866853223,0.9358145409900084,0.0438210144666767]},"clusterId":2,"strategies":[]}
{"centroid":{"type":1,"values":[0.37612051480706304,0.9199109512771658,0.10490767295850319]},"clusterId":3,"strategies":[]}
{"centroid":{"type":1,"values":[0.2119514861067291,0.9737340347113671,0.07743516555505994]},"clusterId":4,"strategies":[]}
{"centroid":{"type":1,"values":[0.3074782083900965,0.9460838479977065,0.09918174229778977]},"clusterId":5,"strategies":[]}
{"centroid":{"type":1,"values":[0.22175920210581368,0.9746820833231387,0.018964035590925677]},"clusterId":6,"strategies":[]}
{"centroid":{"type":1,"values":[0.27413605279475467,0.9586896004944006,0.07315750091894224]},"clusterId":7,"strategies":[]}
{"centroid":{"type":1,"values":[0.30107984424925666,0.9523156868414072,0.04666005595913917]},"clusterId":8,"strategies":[]}
{"centroid":{"type":1,"values":[0.3067229442729323,0.9515954129356474,0.013433066098264472]},"clusterId":9,"strategies":[]}
