{"centroid":{"type":1,"values":[0.27289052516247747,0.9617778290534428,0.016452576304614865]},"clusterId":0,"clusterIdeamCI":5.240049705198845,"clusterUTCI":26.702456292826184,"count":21,"strategies":[]}
{"centroid":{"type":1,"values":[0.15656573567897078,0.9867770534240248,0.03027550171541165]},"clusterId":1,"clusterIdeamCI":17.474268036690333,"clusterUTCI":11.126480541567725,"count":22,"strategies":[]}
{"centroid":{"type":1,"values":[0.37162723619819005,0.9217329280602604,0.10507220050723518]},"clusterId":2,"clusterIdeamCI":3.606954669651186,"clusterUTCI":25.612375353881397,"count":10,"strategies":[]}
{"centroid":{"type":1,"values":[0.30305764474478325,0.9527091671428785,0.016157385592796867]},"clusterId":3,"clusterIdeamCI":4.367723297229336,"clusterUTCI":28.332058218373888,"count":124,"strategies":[]}
{"centroid":{"type":1,"values":[0.32105973454658604,0.9452328559431963,0.05556877976147364]},"clusterId":4,"clusterIdeamCI":4.327144115114323,"clusterUTCI":25.35544807005015,"count":85,"strategies":[]}
{"centroid":{"type":1,"values":[0.22264998992303614,0.9712089002489255,0.07948972413372395]},"clusterId":5,"clusterIdeamCI":10.110671754211866,"clusterUTCI":12.442970691985714,"count":15,"strategies":[]}
{"centroid":{"type":1,"values":[0.21779932530380483,0.9755777146020447,0.019086994505791433]},"clusterId":6,"clusterIdeamCI":9.229695333043988,"clusterUTCI":19.64001743342706,"count":21,"strategies":[]}
{"centroid":{"type":1,"values":[0.35800053686734673,0.93275652295824,0.03278188733025284]},"clusterId":7,"clusterIdeamCI":3.505499677510485,"clusterUTCI":28.181167274342418,"count":4,"strategies":[]}
{"centroid":{"type":1,"values":[0.27966616999147986,0.9580807530511236,0.05938736594820069]},"clusterId":8,"clusterIdeamCI":5.488227526267629,"clusterUTCI":22.71953223504166,"count":18,"strategies":[]}
{"centroid":{"type":1,"values":[0.2998106023532529,0.9485213294314976,0.09946219502530292]},"clusterId":9,"clusterIdeamCI":5.067090677609901,"clusterUTCI":23.023629197439455,"count":47,"strategies":[]}
