{"centroid":{"type":1,"values":[0.37878694718113387,0.9197229772906675,0.0987269190113049]},"clusterId":7,"clusterIdeamCI":3.421739130434781,"clusterRh":28.699565217391292,"clusterTemp":28.699565217391292,"clusterUTCI":26.16065217391304,"count":6,"strategies":[]}
{"centroid":{"type":1,"values":[0.2839441306502665,0.9587018310583917,0.009323329522123485]},"clusterId":8,"clusterIdeamCI":4.745772972972969,"clusterRh":25.663243243243237,"clusterTemp":25.663243243243237,"clusterUTCI":28.248010810810815,"count":47,"strategies":[]}
{"centroid":{"type":1,"values":[0.2878465965774156,0.9544677868892436,0.07635122270053471]},"clusterId":9,"clusterIdeamCI":5.421027027027024,"clusterRh":25.862342342342338,"clusterTemp":25.862342342342338,"clusterUTCI":22.8129009009009,"count":76,"strategies":[]}
