{"centroid":{"type":1,"values":[0.3454059002468165,0.9366153842004434,0.05282722596506322]},"clusterId":2,"clusterIdeamCI":3.7885139318885446,"clusterRh":27.743343653250804,"clusterTemp":27.743343653250804,"clusterUTCI":26.76185758513933,"count":11,"strategies":[]}
{"centroid":{"type":1,"values":[0.2227620911660707,0.9722686717861472,0.06621830557619669]},"clusterId":3,"clusterIdeamCI":9.906067415730334,"clusterRh":20.250561797752805,"clusterTemp":20.250561797752805,"clusterUTCI":14.491629213483142,"count":20,"strategies":[]}
{"centroid":{"type":1,"values":[0.3175848008889778,0.9430268662432267,0.09690272599748448]},"clusterId":4,"clusterIdeamCI":4.5365051903114235,"clusterRh":27.352595155709327,"clusterTemp":27.352595155709327,"clusterUTCI":24.618858131487897,"count":61,"strategies":[]}
